,Onset,Threshold,Maxtime,Maxflux,Endtime,EPSSatId,FlrOnset,Flrmaxtime,Flrendtime,FlrPeakFlux,xrscls,ocls,optlocation,region,TypeII,TII_Duration,TypeIV,TIV_duration,CME_speed,XRSSatId,FlrHpTime,FlrIntFlux,FlrIntFlux2,P10MAX,P30MAX,P60MAX,P100MAX,P10FLUENCE,P30FLUENCE,P60FLUENCE,P100FLUENCE,SEP
70,1998-05-06T08:20:00.000,1998-05-06T08:40:00.000,1998-05-06T09:45:00.000,239.0,1998-05-07T23:00:00.000,GOES-8,1998-05-06T07:57:00.000,1998-05-06T08:09:00.000,1998-05-06T11:15:00.000,0.000267,X2.6,1N,S11W65,8210,Yes,13,Yes,98,1099,GOES-8,1998-05-06T08:20:00.000,0.207,0.194,239.0,47.5,12.7,4.89,3000000,645000,179000,70200,0
105,2002-04-21T01:45:00.000,2002-04-21T02:25:00.000,2002-04-21T23:20:00.000,2520.0,2002-04-28T13:15:00.000,GOES-8,2002-04-21T00:39:00.000,2002-04-21T01:51:00.000,2002-04-21T11:58:00.000,0.000154,X1.5,1F,S14W84,9906,Yes,11,Yes,57,2393,GOES-8,2002-04-21T02:38:00.000,0.598,0.589,2520.0,648.0,108.0,22.9,227000000,54000000,7720000,1540000,0
41,1991-04-03T01:00:00.000,1991-04-03T08:15:00.000,1991-04-04T10:00:00.000,52.4,1991-04-08T18:35:00.000,GOES-7,1991-04-02T22:51:00.000,1991-04-02T23:26:00.000,1991-04-03T02:35:00.000,6.17e-05,M6.1,3B,N14W00,6562,No,-1,Yes,232,-1,GOES-7,1991-04-02T23:50:00.000,0.131,0.125,52.4,6.12,0.618,0.137,5630000,221000,34600,13000,1
83,2000-11-26T18:45:00.000,2000-11-26T18:45:00.000,2000-11-26T20:30:00.000,942.0,2000-11-29T18:10:00.000,GOES-8,2000-11-26T16:27:00.000,2000-11-26T16:48:00.000,2000-11-26T18:58:00.000,0.000408,X4.0,2B,N21W33,9236,Yes,10,No,-1,980,GOES-8,2000-11-26T16:56:00.000,0.28,0.278,942.0,94.3,7.57,1.17,26500000,2070000,163000,27000,0
64,1994-02-20T01:55:00.000,1994-02-20T03:05:00.000,1994-02-21T09:00:00.000,10200.0,1994-02-22T21:10:00.000,GOES-7,1994-02-20T00:57:00.000,1994-02-20T01:41:00.000,1994-02-20T10:21:00.000,4.03e-05,M4.0,3B,N09W02,7671,Yes,27,Yes,205,-1,GOES-7,1994-02-20T02:16:00.000,0.112,0.111,10200.0,19.1,1.88,0.415,79100000,328000,39300,14100,0
32,1990-04-28T04:25:00.000,1990-04-28T10:05:00.000,1990-04-28T17:35:00.000,149.0,1990-04-29T16:45:00.000,GOES-7,1990-04-27T22:23:00.000,1990-04-28T00:26:00.000,1990-04-28T02:31:00.000,2.44e-06,C2.4,SF,N18W38,6038,Yes,26,No,-1,-1,GOES-7,1990-04-28T00:43:00.000,0.0158,0.00595,149.0,16.4,1.12,0.157,5790000,373000,22300,3970,1
84,2001-01-28T17:35:00.000,2001-01-28T20:25:00.000,2001-01-29T06:55:00.000,48.9,2001-01-30T17:35:00.000,GOES-8,2001-01-28T15:04:00.000,2001-01-28T16:00:00.000,2001-01-28T18:38:00.000,1.59e-05,M1.5,1N,S04W59,9313,No,-1,No,-1,916,GOES-8,2001-01-28T16:28:00.000,0.0351,0.0311,48.9,6.03,1.08,0.3,2630000,271000,42300,12300,0
26,1989-11-30T13:45:00.000,1989-11-30T14:10:00.000,1989-12-01T13:30:00.000,3590.0,1989-12-05T10:05:00.000,GOES-7,1989-11-30T11:39:00.000,1989-11-30T12:30:00.000,1989-11-30T21:57:00.000,0.000264,X2.6,3B,N24W52,5800,No,-1,No,-1,-1,GOES-7,1989-11-30T13:02:00.000,0.723,0.71,3590.0,195.0,9.42,1.21,171000000,10300000,492000,39300,1
12,1989-04-10T17:24:00.000,1989-04-11T15:55:00.000,1989-04-12T00:05:00.000,218.0,1989-04-17T22:15:00.000,GOES-7,1989-04-10T21:00:00.000,1989-04-10T23:23:00.000,1989-04-11T06:48:00.000,1.18e-05,M1.1,SF,N37W12,-1,No,-1,No,-1,-1,GOES-7,1989-04-11T03:58:00.000,0.179,0.147,218.0,6.73,0.444,0.15,16100000,356000,36900,14400,1
4,1988-01-02T22:25:00.000,1988-01-03T01:00:00.000,1988-01-03T07:30:00.000,32.4,1988-01-06T11:40:00.000,GOES-7,1988-01-02T20:24:00.000,1988-01-02T21:44:00.000,1988-01-03T10:22:00.000,0.000139,X1.3,3B,S34W18,4912,Yes,65,Yes,712,-1,GOES-7,1988-01-02T22:10:00.000,0.25,0.246,32.4,3.97,0.724,0.145,2890000,308000,44100,11400,1
113,2003-05-28T05:40:00.000,2003-05-28T23:40:00.000,2003-05-29T15:30:00.000,121.0,2003-05-30T22:35:00.000,GOES-8,2003-05-28T00:17:00.000,2003-05-28T00:27:00.000,2003-05-28T06:29:00.000,0.000362,X3.6,2B,S06W24,10365,Yes,7,Yes,139,1366,GOES-12,2003-05-28T00:39:00.000,0.278,0.275,121.0,2.53,0.381,0.201,3390000,136000,25400,10200,0
40,1991-03-23T04:40:00.000,1991-03-23T08:20:00.000,1991-03-24T03:50:00.000,43500.0,1991-03-31T18:40:00.000,GOES-7,1991-03-22T22:41:00.000,1991-03-22T22:46:00.000,1991-03-22T23:22:00.000,0.000951,X9.5,3B,S26E28,6555,Yes,8,No,-1,-1,GOES-7,1991-03-22T22:53:00.000,0.446,0.443,43500.0,8970.0,897.0,99.8,786000000,149000000,13800000,1460000,1
94,2001-10-01T12:45:00.000,2001-10-01T12:45:00.000,2001-10-02T08:10:00.000,2360.0,2001-10-05T18:35:00.000,GOES-8,2001-10-01T04:36:00.000,2001-10-01T05:15:00.000,2001-10-01T17:14:00.000,9.11e-05,M9.1,,S18W90,9628,No,-1,No,-1,1405,GOES-8,2001-10-01T05:23:00.000,0.0863,0.0807,2360.0,193.0,4.63,0.22,75600000,6750000,197000,13000,0
15,1989-08-12T15:20:00.000,1989-08-12T16:20:00.000,1989-08-13T07:05:00.000,6550.0,1989-08-15T06:15:00.000,GOES-7,1989-08-12T13:53:00.000,1989-08-12T14:26:00.000,1989-08-12T18:02:00.000,0.000264,X2.6,2B,S16W37,5629,Yes,6,Yes,187,-1,GOES-7,1989-08-12T14:47:00.000,0.438,0.427,6550.0,1750.0,252.0,37.8,449000000,85600000,9090000,1150000,1
61,1992-11-02T03:05:00.000,1992-11-02T03:05:00.000,1992-11-02T09:10:00.000,1060.0,1992-11-08T15:30:00.000,GOES-7,1992-11-02T02:23:00.000,1992-11-02T03:07:00.000,1992-11-02T22:19:00.000,0.000904,X9.0,2B,S23W90,7321,Yes,9,Yes,33,-1,GOES-7,1992-11-02T03:29:00.000,1.5,1.49,1060.0,453.0,240.0,118.0,66800000,21900000,7640000,2950000,1
14,1989-07-25T09:00:00.000,1989-07-25T09:35:00.000,1989-07-25T12:20:00.000,32.0,1989-07-26T19:30:00.000,GOES-7,1989-07-25T08:37:00.000,1989-07-25T08:43:00.000,1989-07-25T09:47:00.000,0.000268,X2.6,2N,N25W84,5603,Yes,15,Yes,49,-1,GOES-7,1989-07-25T08:49:00.000,0.116,0.115,32.0,22.5,12.0,6.08,1260000,626000,295000,140000,1
115,2003-06-18T09:40:00.000,2003-06-18T21:25:00.000,2003-06-19T04:15:00.000,19.4,2003-06-21T08:30:00.000,GOES-11,2003-06-17T22:22:00.000,2003-06-17T22:55:00.000,2003-06-18T02:51:00.000,6.81e-05,M6.8,SF,S09E60,10386,Yes,10,Yes,80,1813,GOES-12,2003-06-17T23:12:00.000,0.0959,0.093,19.4,0.927,0.191,0.112,1270000,42000,13200,7580,0
53,1991-10-30T07:05:00.000,1991-10-30T07:45:00.000,1991-10-30T08:10:00.000,94.0,1991-11-01T01:10:00.000,GOES-7,1991-10-30T06:09:00.000,1991-10-30T06:32:00.000,1991-10-30T10:43:00.000,0.000251,X2.5,3B,S08W25,6891,Yes,10,Yes,13,-1,GOES-7,1991-10-30T07:00:00.000,0.494,0.477,94.0,18.8,7.13,3.37,2110000,734000,294000,133000,1
56,1992-05-08T20:20:00.000,1992-05-09T09:40:00.000,1992-05-09T21:00:00.000,4650.0,1992-05-12T04:10:00.000,GOES-7,1992-05-08T14:43:00.000,1992-05-08T15:45:00.000,1992-05-09T08:37:00.000,7.41e-05,M7.4,4B,S26E08,7154,No,-1,Yes,130,-1,GOES-7,1992-05-08T16:10:00.000,0.182,0.18,4650.0,69.3,2.55,0.377,52200000,1030000,79100,22300,1
16,1989-08-15T06:20:00.000,1989-08-15T06:20:00.000,1989-08-15T17:25:00.000,351.0,1989-08-16T01:15:00.000,GOES-7,1989-08-15T02:08:00.000,1989-08-15T03:13:00.000,1989-08-15T06:08:00.000,0.000104,X1.0,SF,S18W73,5629,No,-1,Yes,385,-1,GOES-7,1989-08-15T04:11:00.000,0.527,0.424,351.0,38.1,2.27,0.223,14500000,1280000,68400,6220,1
9,1989-03-10T22:05:00.000,1989-03-10T22:05:00.000,1989-03-13T06:45:00.000,1860.0,1989-03-14T21:05:00.000,GOES-7,1989-03-10T18:35:00.000,1989-03-10T19:21:00.000,1989-03-11T01:37:00.000,0.000458,X4.5,3B,N31E22,5395,Yes,119,Yes,121,-1,GOES-7,1989-03-10T20:11:00.000,1.51,1.49,1860.0,60.4,2.43,0.466,26700000,1310000,149000,38900,1
0,1986-02-06T08:15:00.000,1986-02-06T12:05:00.000,1986-02-06T23:30:00.000,50.0,1986-02-07T13:35:00.000,GOES-6,1986-02-06T06:14:00.000,1986-02-06T06:25:00.000,1986-02-06T08:06:00.000,0.000179,X1.7,3B,S04W06,4711,Yes,16,Yes,82,-1,GOES-6,1986-02-06T06:37:00.000,0.142,0.141,50.0,14.6,5.26,2.08,2360000,769000,302000,94700,1
116,2003-10-26T17:55:00.000,2003-10-26T18:25:00.000,2003-10-26T22:35:00.000,466.0,2003-10-27T23:00:00.000,GOES-11,2003-10-26T17:10:00.000,2003-10-26T18:15:00.000,2003-10-26T21:26:00.000,0.000127,X1.2,1N,N02W38,10484,Yes,8,No,-1,1537,GOES-12,2003-10-26T19:22:00.000,0.634,0.616,466.0,43.5,5.05,1.14,14300000,1450000,137000,26500,0
118,2003-10-29T21:00:00.000,2003-10-29T21:00:00.000,2003-10-30T19:35:00.000,3300.0,2003-10-31T21:05:00.000,GOES-11,2003-10-29T20:25:00.000,2003-10-29T20:49:00.000,2003-10-30T05:23:00.000,0.001,X10.0,2B,S15W02,10486,Yes,8,Yes,380,2029,GOES-12,2003-10-29T21:01:00.000,0.881,0.864,3300.0,928.0,278.0,110.0,164000000,41400000,10300000,3380000,0
112,2002-11-09T15:35:00.000,2002-11-09T19:20:00.000,2002-11-10T05:40:00.000,404.0,2002-11-11T16:15:00.000,GOES-8,2002-11-09T13:03:00.000,2002-11-09T13:23:00.000,2002-11-09T14:52:00.000,4.61e-05,M4.6,2B,S12W29,10180,Yes,20,Yes,46,1838,GOES-8,2002-11-09T13:36:00.000,0.0492,0.0446,404.0,12.0,0.73,0.182,11500000,423000,25800,6530,0
30,1990-04-11T16:55:00.000,1990-04-11T21:20:00.000,1990-04-11T21:20:00.000,13.5,1990-04-12T06:20:00.000,GOES-7,1990-04-10T11:37:00.000,1990-04-10T12:14:00.000,1990-04-10T14:01:00.000,1.14e-05,M1.1,1N,N24W04,6007,No,-1,Yes,9,-1,GOES-7,1990-04-10T12:37:00.000,0.0267,0.024,13.5,0.365,0.144,0.0767,158000,3570,1270,723,1
108,2002-08-14T06:15:00.000,2002-08-14T09:00:00.000,2002-08-14T16:20:00.000,26.4,2002-08-15T19:15:00.000,GOES-8,2002-08-14T01:41:00.000,2002-08-14T02:12:00.000,2002-08-14T05:33:00.000,2.38e-05,M2.3,1N,N09W54,10061,Yes,19,No,-1,1309,GOES-8,2002-08-14T02:46:00.000,0.0608,0.0532,26.4,0.767,0.29,0.139,649000,24700,9190,5430,0
124,2004-09-19T18:20:00.000,2004-09-19T19:25:00.000,2004-09-20T01:00:00.000,57.3,2004-09-21T10:30:00.000,GOES-11,2004-09-19T16:24:00.000,2004-09-19T17:12:00.000,2004-09-19T20:36:00.000,1.97e-05,M1.9,,N03W58,10672,Yes,17,Yes,18,-1,GOES-12,2004-09-19T17:39:00.000,0.0391,0.0383,57.3,8.88,1.49,0.37,1680000,249000,33900,8840,0
17,1989-08-16T01:25:00.000,1989-08-16T01:25:00.000,1989-08-16T14:25:00.000,1430.0,1989-08-17T06:15:00.000,GOES-7,1989-08-16T00:24:00.000,1989-08-16T01:23:00.000,1989-08-16T11:27:00.000,0.00116,X20,2N,S18W84,5629,Yes,25,Yes,26,-1,GOES-7,1989-08-16T01:55:00.000,3.51,3.46,1430.0,339.0,115.0,51.5,89900000,19000000,4820000,1770000,1
38,1991-01-31T05:25:00.000,1991-01-31T11:30:00.000,1991-01-31T16:20:00.000,242.0,1991-02-02T13:55:00.000,GOES-7,1991-01-31T01:52:00.000,1991-01-31T02:29:00.000,1991-01-31T07:25:00.000,0.000137,X1.3,2B,S17W35,6469,Yes,19,Yes,116,-1,GOES-7,1991-01-31T03:15:00.000,0.457,0.44,242.0,4.73,0.46,0.107,6690000,96300,10300,3720,1
86,2001-04-02T23:05:00.000,2001-04-02T23:40:00.000,2001-04-03T07:45:00.000,1110.0,2001-04-08T14:05:00.000,GOES-8,2001-04-02T21:26:00.000,2001-04-02T21:51:00.000,2001-04-03T02:52:00.000,0.00171,X17.1,,N19W72,9393,Yes,5,No,-1,2505,GOES-8,2001-04-02T22:03:00.000,1.51,1.49,1110.0,217.0,26.2,5.42,52500000,7780000,1030000,240000,0
57,1992-06-25T20:20:00.000,1992-06-25T20:45:00.000,1992-06-26T06:15:00.000,389.0,1992-06-28T09:50:00.000,GOES-7,1992-06-25T19:44:00.000,1992-06-25T20:13:00.000,1992-06-26T10:22:00.000,0.00039,X3.9,2B,N09W67,7205,No,-1,Yes,68,-1,GOES-7,1992-06-25T20:45:00.000,0.793,0.783,389.0,71.6,28.7,13.7,20700000,3600000,717000,229000,1
121,2003-11-21T04:50:00.000,2003-11-21T23:55:00.000,2003-11-22T02:30:00.000,13.9,2003-11-25T01:35:00.000,GOES-11,2003-11-20T23:30:00.000,2003-11-20T23:53:00.000,2003-11-21T01:07:00.000,5.85e-05,M5.8,2B,N02W17,10501,No,-1,No,-1,494,GOES-12,2003-11-20T23:58:00.000,0.029,0.0278,13.9,1.11,0.194,0.0763,1790000,60200,14100,7100,0
82,2000-11-25T23:40:00.000,2000-11-25T23:40:00.000,2000-11-26T17:15:00.000,591.0,2000-11-26T18:45:00.000,GOES-8,2000-11-25T00:32:00.000,2000-11-25T01:31:00.000,2000-11-25T02:02:00.000,8.27e-05,M8.2,2N,N07E50,9240,Yes,9,Yes,564,2519,GOES-8,2000-11-25T02:02:00.000,0.216,0.206,591.0,74.0,7.72,1.44,8720000,1130000,124000,23200,0
66,1995-10-20T07:10:00.000,1995-10-20T08:25:00.000,1995-10-20T12:10:00.000,62.7,1995-10-22T03:20:00.000,GOES-8,1995-10-20T05:11:00.000,1995-10-20T06:07:00.000,1995-10-20T17:18:00.000,1.6e-05,M1.6,SF,S09W55,7912,Yes,13,Yes,73,-1,GOES-8,1995-10-20T06:45:00.000,0.0364,0.0357,62.7,5.56,0.77,0.25,1880000,139000,22100,8480,0
35,1990-06-12T07:30:00.000,1990-06-12T11:40:00.000,1990-06-12T17:00:00.000,79.3,1990-06-14T10:05:00.000,GOES-7,1990-06-12T05:15:00.000,1990-06-12T05:40:00.000,1990-06-12T08:51:00.000,6.47e-05,M6.4,2B,N10W33,6089,No,-1,Yes,250,-1,GOES-7,1990-06-12T05:58:00.000,0.0976,0.09,79.3,3.01,0.392,0.133,2930000,102000,12800,4100,1
65,1994-10-19T21:45:00.000,1994-10-20T00:30:00.000,1994-10-20T03:40:00.000,34.9,1994-10-21T11:25:00.000,GOES-7,1994-10-19T20:37:00.000,1994-10-19T21:27:00.000,1994-10-20T10:22:00.000,3.2e-05,M3.2,1F,N12W24,7790,Yes,14,Yes,320,-1,GOES-7,1994-10-19T22:01:00.000,0.091,0.0894,34.9,4.56,0.83,0.305,1140000,93900,21800,7930,0
19,1989-09-03T20:55:00.000,1989-09-04T02:40:00.000,1989-09-04T09:20:00.000,16.9,1989-09-05T16:50:00.000,GOES-7,1989-09-03T14:26:00.000,1989-09-03T14:31:00.000,1989-09-03T18:16:00.000,0.000129,X1.2,1B,S18E16,5669,No,-1,No,-1,-1,GOES-7,1989-09-03T14:35:00.000,0.0381,0.0366,16.9,0.63,0.167,0.0929,925000,23800,5710,2900,1
89,2001-04-15T13:55:00.000,2001-04-15T14:10:00.000,2001-04-15T19:20:00.000,951.0,2001-04-18T01:45:00.000,GOES-8,2001-04-15T13:17:00.000,2001-04-15T13:50:00.000,2001-04-15T19:37:00.000,0.00145,X14.5,2B,S20W85,9415,Yes,7,Yes,73,1199,GOES-8,2001-04-15T13:55:00.000,0.611,0.609,951.0,357.0,242.0,146.0,40700000,11600000,4920000,2540000,0
109,2002-08-22T03:00:00.000,2002-08-22T04:40:00.000,2002-08-22T09:40:00.000,36.4,2002-08-24T01:30:00.000,GOES-8,2002-08-22T01:45:00.000,2002-08-22T01:57:00.000,2002-08-22T02:41:00.000,5.43e-05,M5.4,2B,S07W62,10069,Yes,6,Yes,9,998,GOES-8,2002-08-22T02:05:00.000,0.0336,0.0305,36.4,12.6,4.3,2.69,1570000,410000,117000,44700,0
125,2004-11-07T18:25:00.000,2004-11-07T19:10:00.000,2004-11-08T01:15:00.000,495.0,2004-11-09T20:40:00.000,GOES-11,2004-11-07T15:35:00.000,2004-11-07T16:06:00.000,2004-11-07T21:14:00.000,0.000204,X2.0,,N09W17,10696,Yes,17,Yes,303,1759,GOES-12,2004-11-07T16:15:00.000,0.199,0.196,495.0,26.0,2.49,0.54,17500000,752000,65100,14500,0
63,1993-03-12T18:35:00.000,1993-03-12T20:10:00.000,1993-03-13T01:55:00.000,43.0,1993-03-14T13:05:00.000,GOES-7,1993-03-12T16:02:00.000,1993-03-12T18:15:00.000,1993-03-12T23:43:00.000,7.03e-05,M7.0,3B,S00W51,7440,Yes,3,Yes,92,-1,GOES-7,1993-03-12T18:47:00.000,0.199,0.194,44.0,11.3,4.23,2.0,1720000,346000,97400,36000,0
20,1989-10-19T13:05:00.000,1989-10-19T13:10:00.000,1989-10-20T16:00:00.000,42200.0,1989-10-22T17:55:00.000,GOES-7,1989-10-19T12:26:00.000,1989-10-19T13:06:00.000,1989-10-20T03:10:00.000,0.00116,X13,4B,S27E10,5747,Yes,4,Yes,25,-1,GOES-7,1989-10-19T13:35:00.000,2.76,2.74,42200.0,7760.0,1740.0,531.0,1000000000,200000000,55800000,21300000,1
33,1990-05-21T22:50:00.000,1990-05-21T23:55:00.000,1990-05-22T07:50:00.000,409.0,1990-05-24T14:20:00.000,GOES-7,1990-05-21T22:10:00.000,1990-05-21T22:18:00.000,1990-05-21T23:14:00.000,0.000551,X5.5,2B,N35W36,6063,No,-1,Yes,149,-1,GOES-7,1990-05-21T22:26:00.000,0.317,0.315,409.0,114.0,43.9,19.3,10200000,3480000,1340000,581000,1
42,1991-05-31T05:50:00.000,1991-05-31T11:50:00.000,1991-06-01T05:00:00.000,22.9,1991-06-02T14:20:00.000,GOES-7,1991-05-29T22:12:00.000,1991-05-29T23:44:00.000,1991-05-30T05:51:00.000,0.000103,X1.0,2B,N05E38,6654,No,-1,Yes,3,-1,GOES-7,1991-05-29T23:51:00.000,0.0908,0.0745,22.9,1.03,0.176,0.0893,2250000,78600,11100,4110,1
31,1990-04-16T03:55:00.000,1990-04-17T04:00:00.000,1990-04-17T07:00:00.000,12.1,1990-04-23T09:25:00.000,GOES-7,1990-04-15T02:26:00.000,1990-04-15T03:00:00.000,1990-04-15T09:38:00.000,0.00015,X1.5,2B,N32E57,6022,Yes,35,Yes,133,-1,GOES-7,1990-04-15T03:49:00.000,0.524,0.517,12.1,4.17,0.774,0.125,2650000,204000,40000,15900,1
67,1997-11-04T06:45:00.000,1997-11-04T08:30:00.000,1997-11-04T13:00:00.000,67.1,1997-11-06T12:25:00.000,GOES-8,1997-11-04T05:51:00.000,1997-11-04T05:58:00.000,1997-11-04T06:49:00.000,0.000204,X2.0,2B,S14W33,8100,Yes,19,Yes,63,785,GOES-8,1997-11-04T06:02:00.000,0.0537,0.0524,67.1,20.3,6.94,2.55,2810000,673000,192000,73800,0
71,1998-08-24T22:30:00.000,1998-08-24T23:55:00.000,1998-08-26T10:55:00.000,665.0,1998-08-31T19:25:00.000,GOES-8,1998-08-24T21:21:00.000,1998-08-24T22:13:00.000,1998-08-25T16:58:00.000,0.000109,X1.0,3B,N35E09,8307,Yes,27,Yes,258,-1,GOES-8,1998-08-24T22:35:00.000,0.162,0.16,665.0,45.2,7.94,3.72,44900000,3790000,527000,170000,0
119,2003-11-02T17:35:00.000,2003-11-02T17:35:00.000,2003-11-03T08:15:00.000,1570.0,2003-11-04T21:30:00.000,GOES-11,2003-11-02T16:51:00.000,2003-11-02T17:25:00.000,2003-11-02T23:09:00.000,0.000837,X8.3,2B,S14W56,10486,Yes,26,Yes,70,2598,GOES-12,2003-11-02T17:39:00.000,0.911,0.891,1570.0,476.0,115.0,49.4,114000000,15500000,2570000,732000,0
50,1991-08-25T17:50:00.000,1991-08-26T17:30:00.000,1991-08-27T18:30:00.000,236.0,1991-08-30T18:45:00.000,GOES-7,1991-08-25T00:15:00.000,1991-08-25T01:13:00.000,1991-08-25T07:38:00.000,0.00021,X2.1,2B,N24E77,6805,No,-1,Yes,90,-1,GOES-7,1991-08-25T01:55:00.000,0.641,0.627,236.0,8.38,0.664,0.128,9980000,258000,33700,12700,1
49,1991-07-11T20:50:00.000,1991-07-11T22:55:00.000,1991-07-12T03:05:00.000,17.1,1991-07-13T02:40:00.000,GOES-7,1991-07-11T09:24:00.000,1991-07-11T10:37:00.000,1991-07-11T15:07:00.000,7.36e-05,M7.3,3B,N22W51,6703,Yes,8,No,-1,-1,GOES-7,1991-07-11T11:02:00.000,0.202,0.19,17.1,5.85,0.783,0.103,624000,12700,3870,2200,1
44,1991-06-11T02:35:00.000,1991-06-11T02:50:00.000,1991-06-11T14:20:00.000,3010.0,1991-06-14T14:15:00.000,GOES-7,1991-06-11T01:20:00.000,1991-06-11T02:09:00.000,1991-06-11T05:53:00.000,0.00116,X12,3B,N31W17,6659,Yes,5,Yes,945,-1,GOES-7,1991-06-11T02:20:00.000,1.03,1.02,3010.0,735.0,168.0,46.6,118000000,29300000,7350000,2170000,1
43,1991-06-04T06:25:00.000,1991-06-04T08:20:00.000,1991-06-07T04:00:00.000,224.0,1991-06-11T02:30:00.000,GOES-7,1991-06-04T03:36:00.000,1991-06-04T03:52:00.000,1991-06-04T09:45:00.000,0.00116,X12,3B,N30E70,6659,Yes,16,Yes,248,-1,GOES-7,1991-06-04T04:14:00.000,2.15,2.14,224.0,56.5,15.0,4.6,50100000,12700000,3460000,1110000,1
77,2000-07-14T10:35:00.000,2000-07-14T10:45:00.000,2000-07-15T12:30:00.000,24000.0,2000-07-20T11:10:00.000,GOES-8,2000-07-14T10:03:00.000,2000-07-14T10:24:00.000,2000-07-14T21:03:00.000,0.000575,X5.7,3B,N22W07,9077,Yes,6,Yes,184,1674,GOES-8,2000-07-14T10:43:00.000,0.75,0.741,24000.0,5680.0,1110.0,408.0,1310000000,343000000,58500000,16000000,0
100,2001-12-30T01:15:00.000,2001-12-30T21:35:00.000,2001-12-31T16:20:00.000,108.0,2002-01-06T13:55:00.000,GOES-8,2001-12-28T19:10:00.000,2001-12-28T20:45:00.000,2001-12-29T02:16:00.000,0.000349,X3.4,,S23E90,9767,Yes,41,No,-1,2216,GOES-8,2001-12-28T21:37:00.000,1.44,1.4,108.0,6.24,0.536,0.173,19500000,806000,70000,19800,0
58,1992-06-28T09:50:00.000,1992-06-28T09:50:00.000,1992-06-29T02:35:00.000,24.8,1992-07-01T20:45:00.000,GOES-7,1992-06-28T04:40:00.000,1992-06-28T05:14:00.000,1992-06-28T12:07:00.000,0.000185,X1.8,SF,N11W90,7205,Yes,3,No,-1,-1,GOES-7,1992-06-28T05:47:00.000,0.445,0.431,25.8,2.42,0.474,0.177,2120000,179000,32600,12100,1
126,2004-11-10T02:55:00.000,2004-11-10T02:55:00.000,2004-11-10T16:55:00.000,424.0,2004-11-15T02:55:00.000,GOES-11,2004-11-10T01:38:00.000,2004-11-10T02:13:00.000,2004-11-10T06:21:00.000,0.000257,X2.5,3B,N09W49,10696,Yes,8,Yes,31,3387,GOES-12,2004-11-10T02:20:00.000,0.158,0.155,424.0,49.4,7.52,2.42,22500000,2710000,344000,88400,0
5,1988-06-30T10:00:00.000,1988-06-30T11:25:00.000,1988-06-30T11:35:00.000,12.6,1988-07-01T09:40:00.000,GOES-7,1988-06-30T09:01:00.000,1988-06-30T09:05:00.000,1988-06-30T09:21:00.000,9.29e-05,M9.2,2B,S16E22,5060,Yes,15,No,-1,-1,GOES-7,1988-06-30T09:10:00.000,0.0292,0.0282,12.6,2.92,0.608,0.201,298000,42600,9170,3420,1
76,2000-06-10T17:40:00.000,2000-06-10T18:05:00.000,2000-06-10T20:45:00.000,46.0,2000-06-12T18:20:00.000,GOES-8,2000-06-10T16:31:00.000,2000-06-10T17:02:00.000,2000-06-10T21:47:00.000,5.24e-05,M5.2,3B,N22W38,9026,Yes,23,No,-1,1108,GOES-8,2000-06-10T17:19:00.000,0.0741,0.0711,46.0,12.8,4.34,1.62,1750000,288000,59600,19200,0
37,1990-07-31T05:45:00.000,1990-08-01T00:20:00.000,1990-08-01T20:45:00.000,227.0,1990-08-04T13:45:00.000,GOES-7,1990-07-30T06:27:00.000,1990-07-30T07:36:00.000,1990-07-30T11:55:00.000,4.48e-05,M4.4,2B,N20E45,6180,Yes,3,Yes,77,-1,GOES-7,1990-07-30T08:16:00.000,0.139,0.131,227.0,8.85,0.57,0.0938,13000000,536000,34100,8030,1
47,1991-07-07T04:40:00.000,1991-07-07T04:55:00.000,1991-07-08T16:50:00.000,2310.0,1991-07-10T19:05:00.000,GOES-7,1991-07-07T01:17:00.000,1991-07-07T02:22:00.000,1991-07-07T17:00:00.000,0.000191,X1.9,2B,N26E03,6703,Yes,4,No,-1,-1,GOES-7,1991-07-07T02:49:00.000,0.44,0.432,2310.0,133.0,5.22,0.172,85100000,741000,35800,8490,1
7,1988-12-16T09:40:00.000,1988-12-17T22:20:00.000,1988-12-18T01:50:00.000,12.8,1988-12-20T07:20:00.000,GOES-7,1988-12-16T08:25:00.000,1988-12-16T08:45:00.000,1988-12-16T11:53:00.000,0.000478,X4.7,1B,N26E37,5278,Yes,13,Yes,135,-1,GOES-7,1988-12-16T09:04:00.000,0.726,0.713,12.8,3.15,1.98,1.08,1330000,464000,238000,117000,1
13,1989-05-06T02:35:00.000,1989-05-06T06:15:00.000,1989-05-06T10:55:00.000,47.3,1989-05-08T15:20:00.000,GOES-7,1989-05-05T07:19:00.000,1989-05-05T07:36:00.000,1989-05-05T11:17:00.000,0.000249,X2.4,3B,N30E01,5470,Yes,2,Yes,133,-1,GOES-7,1989-05-05T07:54:00.000,0.299,0.296,47.3,0.893,0.187,0.126,2280000,28400,6580,3800,1
107,2002-07-16T13:15:00.000,2002-07-16T17:50:00.000,2002-07-17T16:00:00.000,234.0,2002-07-19T04:50:00.000,GOES-8,2002-07-15T19:36:00.000,2002-07-15T20:08:00.000,2002-07-16T01:30:00.000,0.000307,X3.0,3B,N19W01,10030,No,-1,Yes,228,1151,GOES-8,2002-07-15T20:14:00.000,0.144,0.142,234.0,4.27,0.54,0.172,8510000,258000,29000,9430,0
103,2002-03-18T06:00:00.000,2002-03-18T13:00:00.000,2002-03-19T06:50:00.000,53.0,2002-03-21T02:20:00.000,GOES-8,2002-03-18T02:03:00.000,2002-03-18T02:31:00.000,2002-03-18T10:04:00.000,1.03e-05,M1.0,SF,S15W22,9870,No,-1,Yes,175,989,GOES-8,2002-03-18T04:08:00.000,0.0488,0.0434,53.1,2.48,0.381,0.127,3040000,123000,17800,6370,0
85,2001-03-29T12:50:00.000,2001-03-29T16:20:00.000,2001-03-30T06:10:00.000,35.4,2001-03-31T15:00:00.000,GOES-8,2001-03-29T09:45:00.000,2001-03-29T10:15:00.000,2001-03-29T12:11:00.000,0.000171,X1.7,1N,N16W12,9393,Yes,6,Yes,40,942,GOES-8,2001-03-29T10:32:00.000,0.228,0.216,35.4,3.93,0.716,0.213,3320000,276000,33500,8710,0
92,2001-09-15T12:35:00.000,2001-09-15T14:40:00.000,2001-09-15T14:55:00.000,11.6,2001-09-16T06:30:00.000,GOES-8,2001-09-15T10:56:00.000,2001-09-15T11:28:00.000,2001-09-15T14:01:00.000,1.5e-05,M1.5,1N,S21W49,9608,Yes,13,No,-1,478,GOES-8,2001-09-15T11:55:00.000,0.0386,0.0319,11.6,1.26,0.359,0.165,233000,22500,5860,2830,0
111,2002-09-06T04:15:00.000,2002-09-07T04:40:00.000,2002-09-07T16:50:00.000,208.0,2002-09-08T13:55:00.000,GOES-8,2002-09-05T16:16:00.000,2002-09-05T17:06:00.000,2002-09-05T19:00:00.000,5.16e-06,C5.1,SF,N10E28,10102,Yes,14,No,-1,1748,GOES-8,2002-09-05T17:37:00.000,0.0166,0.0131,208.0,2.92,0.286,0.122,2690000,89900,15900,7140,0
117,2003-10-28T11:20:00.000,2003-10-28T12:15:00.000,2003-10-29T06:15:00.000,29500.0,2003-10-29T15:00:00.000,GOES-11,2003-10-28T09:51:00.000,2003-10-28T11:10:00.000,2003-10-28T18:34:00.000,0.00172,X17.2,4B,S16E08,10486,Yes,9,Yes,823,2459,GOES-12,2003-10-28T11:24:00.000,1.84,1.81,29500.0,5580.0,862.0,186.0,920000000,242000000,39200000,8550000,0
73,1999-06-04T08:30:00.000,1999-06-04T09:25:00.000,1999-06-04T10:55:00.000,64.0,1999-06-06T16:35:00.000,GOES-8,1999-06-04T06:49:00.000,1999-06-04T07:03:00.000,1999-06-04T08:50:00.000,3.94e-05,M3.9,2B,N17W69,8552,Yes,8,Yes,30,2230,GOES-8,1999-06-04T07:11:00.000,0.0238,0.0222,64.0,3.7,0.603,0.233,3750000,223000,31000,11100,0
51,1991-09-30T07:20:00.000,1991-10-01T17:00:00.000,1991-10-01T18:10:00.000,12.4,1991-10-03T08:45:00.000,GOES-7,1991-09-29T14:56:00.000,1991-09-29T15:33:00.000,1991-09-29T18:56:00.000,7.35e-05,M7.3,4B,S21E32,6853,No,-1,Yes,186,-1,GOES-7,1991-09-29T16:00:00.000,0.142,0.133,12.4,5.58,1.07,0.156,1100000,104000,24500,9640,1
87,2001-04-10T07:45:00.000,2001-04-10T08:50:00.000,2001-04-11T20:55:00.000,355.0,2001-04-12T10:30:00.000,GOES-8,2001-04-10T04:42:00.000,2001-04-10T05:27:00.000,2001-04-10T13:00:00.000,0.000221,X2.2,3B,S23W09,9415,Yes,23,Yes,571,2411,GOES-8,2001-04-10T05:42:00.000,0.289,0.288,355.0,14.4,1.97,0.478,18500000,1510000,153000,30400,0
91,2001-08-09T19:25:00.000,2001-08-10T10:20:00.000,2001-08-10T11:55:00.000,17.0,2001-08-11T08:35:00.000,GOES-8,2001-08-09T10:15:00.000,2001-08-09T11:22:00.000,2001-08-09T12:49:00.000,3.74e-06,C3.7,,N10W10,0,No,-1,No,-1,479,GOES-8,2001-08-09T11:42:00.000,0.00993,0.00533,17.0,0.794,0.181,0.091,540000,22500,7080,3840,0
29,1990-04-07T06:25:00.000,1990-04-07T22:20:00.000,1990-04-08T13:55:00.000,19.2,1990-04-09T21:30:00.000,GOES-7,1990-04-03T17:03:00.000,1990-04-03T17:25:00.000,1990-04-03T19:12:00.000,0.000106,X1.0,1N,N23E82,6007,Yes,4,No,-1,-1,GOES-7,1990-04-03T17:37:00.000,0.115,0.113,19.2,3.64,0.514,0.146,1590000,53400,12900,6490,1
123,2004-07-25T16:55:00.000,2004-07-25T18:25:00.000,2004-07-26T22:50:00.000,2090.0,2004-07-28T18:25:00.000,GOES-11,2004-07-25T14:19:00.000,2004-07-25T15:20:00.000,2004-07-25T23:10:00.000,1.14e-05,M1.1,1F,N08W33,10652,Yes,5,Yes,196,1333,GOES-12,2004-07-25T16:42:00.000,0.0652,0.0584,2090.0,30.5,0.83,0.176,12300000,499000,32700,8030,0
79,2000-09-12T14:15:00.000,2000-09-12T16:05:00.000,2000-09-13T03:40:00.000,321.0,2000-09-17T17:20:00.000,GOES-8,2000-09-12T11:07:00.000,2000-09-12T12:13:00.000,2000-09-12T18:27:00.000,1.01e-05,M1.0,2F,S19W08,9163,Yes,9,No,-1,1550,GOES-8,2000-09-12T13:20:00.000,0.0488,0.0444,321.0,9.91,1.23,0.418,21400000,978000,126000,36500,0
122,2004-04-11T06:30:00.000,2004-04-11T11:35:00.000,2004-04-11T18:45:00.000,35.5,2004-04-12T20:25:00.000,GOES-11,2004-04-11T03:52:00.000,2004-04-11T04:19:00.000,2004-04-11T05:48:00.000,9.7e-06,C9.7,1F,S14W47,10588,No,-1,No,-1,1645,GOES-12,2004-04-11T04:35:00.000,0.0134,0.0132,35.5,1.74,0.354,0.157,1460000,66300,12900,5390,0
18,1989-08-17T06:15:00.000,1989-08-17T06:15:00.000,1989-08-17T09:45:00.000,986.0,1989-08-19T19:30:00.000,GOES-7,1989-08-17T00:12:00.000,1989-08-17T01:21:00.000,1989-08-17T07:29:00.000,0.000297,X2.9,SF,S19W88,5629,No,-1,No,-1,-1,GOES-7,1989-08-17T02:05:00.000,1.04,1.01,986.0,241.0,47.8,12.0,54300000,12100000,2280000,566000,1
74,2000-04-04T17:05:00.000,2000-04-04T20:55:00.000,2000-04-05T09:30:00.000,55.8,2000-04-06T18:10:00.000,GOES-8,2000-04-04T15:00:00.000,2000-04-04T15:41:00.000,2000-04-04T17:42:00.000,9.78e-06,C9.7,2F,N16W66,8933,Yes,2,Yes,64,1188,GOES-8,2000-04-04T16:07:00.000,0.0249,0.0202,55.9,0.993,0.235,0.0954,2840000,47600,10200,5120,0
99,2001-12-26T05:50:00.000,2001-12-26T06:05:00.000,2001-12-26T11:15:00.000,779.0,2001-12-29T23:25:00.000,GOES-8,2001-12-26T04:23:00.000,2001-12-26T05:40:00.000,2001-12-26T11:02:00.000,7.14e-05,M7.1,1B,N08W54,9742,Yes,17,Yes,502,1446,GOES-8,2001-12-26T06:39:00.000,0.327,0.295,779.0,331.0,130.0,50.2,28300000,6620000,1790000,635000,0
90,2001-05-07T14:05:00.000,2001-05-07T18:40:00.000,2001-05-08T07:55:00.000,30.0,2001-05-09T03:30:00.000,GOES-8,2001-05-07T11:25:00.000,2001-05-07T12:20:00.000,2001-05-07T14:27:00.000,3.95e-06,C3.9,SF,N25W35,9445,No,-1,No,-1,1223,GOES-8,2001-05-07T12:51:00.000,0.0112,0.00865,30.0,1.44,0.369,0.169,1820000,63600,11900,5410,0
11,1989-03-23T20:15:00.000,1989-03-23T20:55:00.000,1989-03-23T22:20:00.000,29.7,1989-03-24T19:30:00.000,GOES-7,1989-03-23T19:12:00.000,1989-03-23T19:58:00.000,1989-03-24T01:23:00.000,0.000158,X1.5,3B,N18W28,5409,Yes,25,Yes,34,-1,GOES-7,1989-03-23T20:22:00.000,0.323,0.313,29.7,6.97,1.38,0.373,805000,101000,22200,6590,1
110,2002-08-24T01:15:00.000,2002-08-24T01:40:00.000,2002-08-24T08:35:00.000,317.0,2002-08-27T07:35:00.000,GOES-8,2002-08-24T00:44:00.000,2002-08-24T01:12:00.000,2002-08-24T04:51:00.000,0.000318,X3.1,1F,S02W81,10069,Yes,11,Yes,21,1913,GOES-8,2002-08-24T01:31:00.000,0.458,0.45,317.0,123.0,60.4,29.3,25200000,3870000,1090000,432000,0
46,1991-06-29T21:10:00.000,1991-06-30T05:55:00.000,1991-07-02T10:10:00.000,106.0,1991-07-06T15:40:00.000,GOES-7,1991-06-28T04:39:00.000,1991-06-28T06:25:00.000,1991-06-28T10:28:00.000,6.04e-05,M6.0,,N30E90,6703,Yes,5,Yes,9,-1,GOES-7,1991-06-28T07:28:00.000,0.346,0.321,106.0,22.7,5.04,0.388,15900000,1570000,251000,80100,1
24,1989-11-15T07:15:00.000,1989-11-15T07:55:00.000,1989-11-15T09:05:00.000,38.3,1989-11-17T17:30:00.000,GOES-7,1989-11-15T06:52:00.000,1989-11-15T06:58:00.000,1989-11-15T08:44:00.000,0.000327,X3.2,3B,N11W26,5786,Yes,1,Yes,162,-1,GOES-7,1989-11-15T07:10:00.000,0.226,0.215,38.3,16.3,7.28,3.49,1100000,431000,191000,87400,1
78,2000-07-22T12:25:00.000,2000-07-22T13:20:00.000,2000-07-22T14:05:00.000,17.6,2000-07-23T18:45:00.000,GOES-8,2000-07-22T11:14:00.000,2000-07-22T11:34:00.000,2000-07-22T13:13:00.000,3.73e-05,M3.7,2N,N15W56,9085,Yes,16,Yes,374,1230,GOES-8,2000-07-22T12:02:00.000,0.071,0.0607,17.6,4.22,0.986,0.343,584000,69100,13200,4460,0
95,2001-10-22T16:40:00.000,2001-10-22T19:10:00.000,2001-10-22T21:30:00.000,24.2,2001-10-25T07:15:00.000,GOES-8,2001-10-22T14:09:00.000,2001-10-22T15:08:00.000,2001-10-22T17:14:00.000,6.72e-05,M6.7,2N,S21E18,9672,Yes,20,Yes,19,1336,GOES-8,2001-10-22T15:32:00.000,0.152,0.141,24.2,5.26,1.87,0.879,1110000,337000,122000,53900,0
52,1991-10-28T05:40:00.000,1991-10-28T13:00:00.000,1991-10-28T14:40:00.000,39.8,1991-10-29T09:55:00.000,GOES-7,1991-10-27T05:36:00.000,1991-10-27T05:47:00.000,1991-10-27T07:21:00.000,0.000614,X6.1,3B,S13E15,6891,Yes,5,Yes,297,-1,GOES-7,1991-10-27T06:00:00.000,0.532,0.523,39.8,0.587,0.13,0.0649,422000,10600,2540,1300,1
22,1989-10-24T18:25:00.000,1989-10-24T18:25:00.000,1989-10-25T02:10:00.000,2530.0,1989-10-29T04:50:00.000,GOES-7,1989-10-24T17:33:00.000,1989-10-24T18:29:00.000,1989-10-25T06:24:00.000,0.000571,X5.7,3B,S33W61,5747,Yes,4,Yes,15,-1,GOES-7,1989-10-24T19:16:00.000,1.91,1.9,2530.0,729.0,265.0,120.0,183000000,44500000,14900000,6430000,1
21,1989-10-22T17:55:00.000,1989-10-22T17:55:00.000,1989-10-23T07:15:00.000,5330.0,1989-10-24T18:20:00.000,GOES-7,1989-10-22T17:03:00.000,1989-10-22T18:04:00.000,1989-10-22T21:10:00.000,0.000296,X2.9,2B,S27W31,5747,Yes,14,Yes,58,-1,GOES-7,1989-10-22T18:34:00.000,0.63,0.613,5330.0,1320.0,378.0,211.0,350000000,92700000,25400000,8720000,1
3,1986-03-06T17:40:00.000,1986-03-06T18:35:00.000,1986-03-06T18:50:00.000,13.5,1986-03-07T11:10:00.000,GOES-6,1986-03-06T16:08:00.000,1986-03-06T17:03:00.000,1986-03-06T20:27:00.000,4.59e-06,C4.5,1F,N02E01,4717,No,-1,No,-1,-1,GOES-6,1986-03-06T17:40:00.000,0.014,0.0124,13.5,2.96,0.571,0.238,207000,30400,9250,4040,1
28,1990-03-28T16:50:00.000,1990-03-29T09:20:00.000,1990-03-29T10:05:00.000,15.9,1990-03-30T08:45:00.000,GOES-7,1990-03-28T07:27:00.000,1990-03-28T07:50:00.000,1990-03-28T15:03:00.000,4.23e-05,M4.2,2N,S04W37,5988,No,-1,Yes,3,-1,GOES-7,1990-03-28T08:09:00.000,0.0616,0.0545,15.9,0.783,0.169,0.0851,345000,15500,4730,2480,1
10,1989-03-17T18:20:00.000,1989-03-17T19:00:00.000,1989-03-18T09:20:00.000,1250.0,1989-03-21T08:20:00.000,GOES-7,1989-03-17T17:14:00.000,1989-03-17T17:43:00.000,1989-03-17T18:56:00.000,0.000658,X6.5,2B,N33W60,5395,Yes,18,Yes,18,-1,GOES-7,1989-03-17T18:03:00.000,0.881,0.874,1250.0,79.3,1.85,0.0815,52200000,2050000,51900,5730,1
62,1993-03-04T13:00:00.000,1993-03-04T14:55:00.000,1993-03-04T16:15:00.000,17.1,1993-03-05T21:40:00.000,GOES-7,1993-03-04T12:14:00.000,1993-03-04T12:39:00.000,1993-03-04T14:24:00.000,8.18e-06,C8.1,2N,S14W56,7434,No,-1,Yes,8,-1,GOES-7,1993-03-04T13:05:00.000,0.0177,0.015,17.1,4.56,1.74,0.718,582000,130000,38500,14700,1
69,1998-05-02T13:55:00.000,1998-05-02T14:15:00.000,1998-05-02T16:55:00.000,149.0,1998-05-04T13:00:00.000,GOES-8,1998-05-02T13:27:00.000,1998-05-02T13:42:00.000,1998-05-02T17:32:00.000,0.000112,X1.1,3B,S15W15,8210,No,-1,Yes,583,938,GOES-8,1998-05-02T13:50:00.000,0.0605,0.0598,149.0,48.0,19.4,9.67,4540000,1480000,505000,214000,0
8,1989-03-07T23:00:00.000,1989-03-08T17:55:00.000,1989-03-10T00:00:00.000,137.0,1989-03-10T22:45:00.000,GOES-7,1989-03-06T13:50:00.000,1989-03-06T14:06:00.000,1989-03-06T20:35:00.000,0.00116,X15,3B,N35E69,5395,Yes,7,Yes,24,-1,GOES-7,1989-03-06T14:26:00.000,1.57,1.56,138.0,21.7,1.32,0.249,9900000,498000,68500,22200,1
68,1997-11-06T12:30:00.000,1997-11-06T13:05:00.000,1997-11-07T03:00:00.000,532.0,1997-11-10T13:45:00.000,GOES-8,1997-11-06T11:49:00.000,1997-11-06T11:55:00.000,1997-11-06T13:59:00.000,0.000908,X9.0,2B,S18W63,8100,Yes,23,Yes,336,1556,GOES-8,1997-11-06T12:01:00.000,0.348,0.346,532.0,189.0,92.0,46.3,36300000,12200000,4450000,1960000,0
81,2000-11-24T15:34:00.000,2000-11-24T16:00:00.000,2000-11-24T21:20:00.000,93.8,2000-11-25T10:45:00.000,GOES-8,2000-11-24T14:47:00.000,2000-11-24T15:13:00.000,2000-11-24T16:02:00.000,0.000238,X2.3,2B,N22W07,9236,Yes,11,No,-1,1245,GOES-8,2000-11-24T15:21:00.000,0.157,0.154,93.9,14.7,3.39,1.24,2620000,354000,73900,24400,0
72,1998-09-30T14:20:00.000,1998-09-30T15:20:00.000,1998-10-01T00:25:00.000,1160.0,1998-10-04T06:20:00.000,GOES-8,1998-09-30T12:59:00.000,1998-09-30T13:50:00.000,1998-09-30T20:18:00.000,2.87e-05,M2.8,2N,N23W80,8340,Yes,21,Yes,151,-1,GOES-8,1998-09-30T14:48:00.000,0.106,0.103,1160.0,133.0,14.0,2.98,44800000,3500000,343000,83300,0
60,1992-10-30T18:35:00.000,1992-10-30T19:20:00.000,1992-10-31T07:10:00.000,2680.0,1992-11-02T03:05:00.000,GOES-7,1992-10-30T16:56:00.000,1992-10-30T18:15:00.000,1992-10-31T04:44:00.000,0.000175,X1.7,2B,S22W61,7321,No,-1,Yes,135,-1,GOES-7,1992-10-30T19:13:00.000,0.869,0.85,2680.0,640.0,76.6,11.5,210000000,36000000,3460000,431000,1
6,1988-08-24T06:40:00.000,1988-08-26T00:30:00.000,1988-08-26T00:45:00.000,12.2,1988-08-26T17:35:00.000,GOES-7,1988-08-23T16:52:00.000,1988-08-23T17:35:00.000,1988-08-24T08:42:00.000,2.42e-05,M2.4,SF,N24E88,5123,Yes,11,No,-1,-1,GOES-7,1988-08-23T19:16:00.000,0.151,0.141,12.2,0.556,0.304,0.133,407000,32400,11800,6360,1
23,1989-11-08T23:50:00.000,1989-11-09T03:45:00.000,1989-11-09T04:45:00.000,15.5,1989-11-09T14:00:00.000,GOES-7,1989-11-08T18:17:00.000,1989-11-08T19:12:00.000,1989-11-08T20:18:00.000,9.77e-05,M9.7,2B,N20W57,5769,No,-1,No,-1,-1,GOES-7,1989-11-08T19:30:00.000,0.178,0.164,15.5,0.434,0.056,0.0129,383000,4650,1050,567,1
114,2003-05-31T03:00:00.000,2003-05-31T04:40:00.000,2003-05-31T06:45:00.000,27.0,2003-06-01T07:45:00.000,GOES-8,2003-05-31T02:01:00.000,2003-05-31T02:24:00.000,2003-05-31T06:11:00.000,9.32e-05,M9.3,2B,S07W65,10365,Yes,13,Yes,36,1835,GOES-12,2003-05-31T02:40:00.000,0.0855,0.0837,27.0,6.79,2.12,0.882,839000,184000,50200,18400,0
93,2001-09-24T11:40:00.000,2001-09-24T12:15:00.000,2001-09-25T22:35:00.000,12900.0,2001-09-30T01:15:00.000,GOES-8,2001-09-24T09:25:00.000,2001-09-24T10:38:00.000,2001-09-24T19:00:00.000,0.00026,X2.6,2B,S16E23,9632,No,-1,Yes,411,2402,GOES-8,2001-09-24T11:09:00.000,0.639,0.617,12900.0,1380.0,132.0,31.2,589000000,97300000,12300000,2440000,0
98,2001-11-22T21:15:00.000,2001-11-22T23:20:00.000,2001-11-24T05:55:00.000,18900.0,2001-12-01T14:40:00.000,GOES-8,2001-11-22T22:32:00.000,2001-11-22T23:30:00.000,2001-11-23T07:58:00.000,9.9e-05,M9.9,2N,S15W34,9704,Yes,10,Yes,325,1437,GOES-8,2001-11-23T00:07:00.000,0.311,0.289,18900.0,1180.0,48.6,4.65,647000000,67600000,3670000,387000,0
96,2001-11-04T16:40:00.000,2001-11-04T17:05:00.000,2001-11-06T02:15:00.000,31700.0,2001-11-13T23:00:00.000,GOES-8,2001-11-04T16:00:00.000,2001-11-04T16:20:00.000,2001-11-05T01:01:00.000,0.000103,X1.0,3B,N06W18,9684,Yes,17,Yes,158,1810,GOES-8,2001-11-04T16:57:00.000,0.221,0.211,31700.0,6870.0,1120.0,253.0,1210000000,271000000,38700000,8060000,0
39,1991-02-25T09:30:00.000,1991-02-25T12:00:00.000,1991-02-25T13:05:00.000,12.8,1991-02-27T00:55:00.000,GOES-7,1991-02-25T08:06:00.000,1991-02-25T08:18:00.000,1991-02-25T14:02:00.000,0.000125,X1.2,2N,S16W80,6497,Yes,16,Yes,53,-1,GOES-7,1991-02-25T08:36:00.000,0.143,0.139,12.8,1.22,0.271,0.118,372000,28900,8110,3940,1
34,1990-05-24T21:05:00.000,1990-05-24T21:25:00.000,1990-05-25T01:15:00.000,177.0,1990-05-26T21:00:00.000,GOES-7,1990-05-24T20:45:00.000,1990-05-24T20:50:00.000,1990-05-24T22:05:00.000,0.000933,X9.3,1B,N33W78,6063,Yes,7,Yes,71,-1,GOES-7,1990-05-24T20:54:00.000,0.283,0.281,177.0,56.4,34.6,19.5,9610000,3650000,1650000,804000,1
102,2002-03-16T08:25:00.000,2002-03-17T08:20:00.000,2002-03-17T08:50:00.000,13.4,2002-03-18T05:30:00.000,GOES-8,2002-03-15T22:06:00.000,2002-03-15T23:12:00.000,2002-03-16T09:10:00.000,2.17e-05,M2.1,1F,S08W03,9866,No,-1,Yes,152,957,GOES-8,2002-03-16T00:41:00.000,0.133,0.12,13.4,0.608,0.184,0.0847,635000,22700,8440,4730,0
45,1991-06-15T08:35:00.000,1991-06-15T08:35:00.000,1991-06-15T19:55:00.000,1420.0,1991-06-20T00:30:00.000,GOES-7,1991-06-15T08:09:00.000,1991-06-15T08:22:00.000,1991-06-15T20:00:00.000,0.00116,X12,3B,N33W69,6659,Yes,5,Yes,731,-1,GOES-7,1991-06-15T08:35:00.000,1.25,1.24,1420.0,305.0,124.0,69.3,84900000,20200000,5060000,1760000,1
1,1986-02-07T13:40:00.000,1986-02-07T13:10:00.000,1986-02-07T17:50:00.000,77.6,1986-02-08T23:50:00.000,GOES-6,1986-02-07T09:13:00.000,1986-02-07T10:34:00.000,1986-02-07T19:33:00.000,5.19e-05,M5.1,2B,S10W20,4711,Yes,16,Yes,37,-1,GOES-6,1986-02-07T11:26:00.000,0.175,0.172,77.6,27.9,9.59,2.64,3730000,810000,239000,61200,1
80,2000-11-08T23:35:00.000,2000-11-08T23:50:00.000,2000-11-09T15:55:00.000,14800.0,2000-11-11T11:10:00.000,GOES-8,2000-11-08T22:40:00.000,2000-11-08T23:28:00.000,2000-11-09T05:36:00.000,7.48e-05,M7.5,3F,N10W77,9213,No,-1,Yes,39,1738,GOES-8,2000-11-09T00:05:00.000,0.21,0.193,14800.0,4440.0,1190.0,349.0,854000000,253000000,53100000,13700000,0
106,2002-05-22T08:20:00.000,2002-05-22T17:55:00.000,2002-05-23T10:55:00.000,820.0,2002-05-24T22:30:00.000,GOES-8,2002-05-22T03:17:00.000,2002-05-22T03:49:00.000,2002-05-22T05:02:00.000,5.02e-06,C5.0,SF,S22W53,0,No,-1,No,-1,1557,GOES-8,2002-05-22T04:37:00.000,0.02,0.00795,820.0,10.2,0.563,0.145,8710000,349000,28300,6770,0
120,2003-11-04T22:05:00.000,2003-11-04T22:25:00.000,2003-11-05T06:00:00.000,353.0,2003-11-07T16:20:00.000,GOES-11,2003-11-04T19:27:00.000,2003-11-04T19:52:00.000,2003-11-05T01:27:00.000,0.00174,X28,3B,S19W83,10486,Yes,8,Yes,30,2657,GOES-12,2003-11-04T20:06:00.000,2.3,2.29,353.0,59.3,6.86,1.33,16700000,2550000,295000,59300,0
36,1990-07-26T01:30:00.000,1990-07-26T11:00:00.000,1990-07-26T23:15:00.000,20.9,1990-07-29T22:25:00.000,GOES-7,1990-07-25T21:59:00.000,1990-07-25T23:33:00.000,1990-07-26T01:51:00.000,2.38e-05,M2.3,2N,S15E55,6174,No,-1,Yes,6,-1,GOES-7,1990-07-26T00:14:00.000,0.0963,0.0824,20.9,3.1,0.916,0.382,2590000,251000,55200,19800,1
55,1992-03-15T08:05:00.000,1992-03-16T08:30:00.000,1992-03-16T09:00:00.000,10.4,1992-03-17T12:30:00.000,GOES-7,1992-03-15T01:05:00.000,1992-03-15T01:53:00.000,1992-03-15T07:30:00.000,7.82e-05,M7.8,3B,S14E29,7100,Yes,26,Yes,616,-1,GOES-7,1992-03-15T02:25:00.000,0.195,0.191,10.4,2.27,0.809,0.367,665000,154000,51000,21400,1
59,1992-08-06T07:20:00.000,1992-08-06T11:45:00.000,1992-08-06T12:10:00.000,14.2,1992-08-07T17:00:00.000,GOES-7,1992-08-03T06:21:00.000,1992-08-03T07:06:00.000,1992-08-03T08:23:00.000,4.84e-05,M4.8,1N,S09E68,7248,No,-1,No,-1,-1,GOES-7,1992-08-03T07:18:00.000,0.0532,0.0505,14.2,0.885,0.19,0.0851,525000,20700,5790,3170,1
75,2000-06-07T04:00:00.000,2000-06-07T13:10:00.000,2000-06-08T09:40:00.000,84.3,2000-06-09T15:25:00.000,GOES-8,2000-06-06T14:58:00.000,2000-06-06T15:25:00.000,2000-06-06T19:52:00.000,0.000232,X2.3,3B,N21E12,9026,Yes,11,Yes,384,1119,GOES-8,2000-06-06T15:40:00.000,0.358,0.351,84.3,1.39,0.298,0.142,4830000,95700,18000,7500,0
48,1991-07-10T23:45:00.000,1991-07-11T00:35:00.000,1991-07-11T04:50:00.000,30.2,1991-07-11T18:25:00.000,GOES-7,1991-07-10T11:48:00.000,1991-07-10T12:27:00.000,1991-07-10T14:25:00.000,3.62e-05,M3.6,2N,S22E34,6718,Yes,21,Yes,18,-1,GOES-7,1991-07-10T12:52:00.000,0.0736,0.0679,30.2,1.34,0.239,0.0966,742000,15400,2900,1470,1
97,2001-11-17T14:45:00.000,2001-11-19T10:50:00.000,2001-11-20T00:10:00.000,34.5,2001-11-22T00:20:40.000,GOES-8,2001-11-17T04:12:00.000,2001-11-17T05:25:00.000,2001-11-17T15:30:00.000,2.83e-05,M2.8,1N,S13E42,9704,Yes,5,Yes,330,1379,GOES-8,2001-11-17T06:15:00.000,0.108,0.0987,34.5,0.765,0.22,0.116,2570000,71100,21800,12100,0
25,1989-11-26T19:40:00.000,1989-11-27T21:40:00.000,1989-11-28T11:05:00.000,165.0,1989-11-28T22:00:00.000,GOES-7,1989-11-26T17:44:00.000,1989-11-26T19:41:00.000,1989-11-27T02:17:00.000,4.05e-05,M4.0,2B,N25W03,5800,No,-1,Yes,184,-1,GOES-7,1989-11-26T20:37:00.000,0.229,0.212,165.0,5.33,0.23,0.0592,4420000,108000,7730,2260,1
54,1992-02-06T22:00:00.000,1992-02-07T06:45:00.000,1992-02-07T11:15:00.000,77.8,1992-02-09T06:40:00.000,GOES-7,1992-02-06T09:37:00.000,1992-02-06T10:47:00.000,1992-02-06T15:12:00.000,4.35e-05,M4.3,2B,S13W10,7042,No,-1,Yes,272,-1,GOES-7,1992-02-06T12:01:00.000,0.258,0.224,77.8,0.935,0.238,0.155,3860000,39700,7680,3680,1
88,2001-04-12T11:40:00.000,2001-04-12T11:40:00.000,2001-04-12T18:00:00.000,50.5,2001-04-13T18:55:00.000,GOES-8,2001-04-12T09:32:00.000,2001-04-12T10:28:00.000,2001-04-12T14:52:00.000,0.000203,X2.0,2B,S19W43,9415,Yes,14,Yes,189,1184,GOES-8,2001-04-12T10:49:00.000,0.298,0.296,50.5,13.9,3.95,1.49,2460000,494000,134000,51000,0
101,2002-02-20T06:55:00.000,2002-02-20T07:30:00.000,2002-02-20T07:55:00.000,13.5,2002-02-20T13:10:00.000,GOES-8,2002-02-20T05:52:00.000,2002-02-20T06:12:00.000,2002-02-20T06:37:00.000,5.17e-05,M5.1,1N,N12W72,9825,Yes,15,Yes,16,952,GOES-8,2002-02-20T06:16:00.000,0.0226,0.0195,13.5,1.51,0.329,0.102,98800,12300,2520,979,0
104,2002-04-17T11:35:00.000,2002-04-17T15:30:00.000,2002-04-17T15:40:00.000,24.1,2002-04-20T20:30:00.000,GOES-8,2002-04-17T07:46:00.000,2002-04-17T08:24:00.000,2002-04-17T15:15:00.000,2.65e-05,M2.6,2N,S13W37,9906,Yes,15,Yes,495,1240,GOES-8,2002-04-17T09:57:00.000,0.148,0.13178,24.1,1.51,0.228,0.118,992000,54900,14900,7360,0
2,1986-02-14T10:30:00.000,1986-02-14T14:55:00.000,1986-02-14T21:10:00.000,111.0,1986-02-16T23:30:00.000,GOES-6,1986-02-14T08:57:00.000,1986-02-14T09:29:00.000,1986-02-14T15:39:00.000,6.46e-05,M6.4,1N,N01W76,4713,Yes,3,Yes,95,-1,GOES-6,1986-02-14T10:27:00.000,0.218,0.215,111.0,19.5,6.3,1.96,7280000,1100000,283000,81000,1
27,1990-03-19T06:15:00.000,1990-03-19T07:05:00.000,1990-03-19T23:15:00.000,946.0,1990-03-21T17:50:00.000,GOES-7,1990-03-19T04:35:00.000,1990-03-19T05:07:00.000,1990-03-19T08:53:00.000,0.000156,X1.5,2B,N31W43,5969,Yes,27,Yes,78,-1,GOES-7,1990-03-19T05:15:00.000,0.218,0.205,946.0,36.4,1.57,0.252,59300000,1800000,76700,12100,1
